{
  "format": "web-program-pre1",
  "manifest": [
    {
      "path": "5c8ec72b6b6a57d22e083374afc7e5901d78f852.js",
      "where": "client",
      "type": "js",
      "cacheable": true,
      "url": "/5c8ec72b6b6a57d22e083374afc7e5901d78f852.js?meteor_js_resource=true",
      "size": 3037365,
      "hash": "5c8ec72b6b6a57d22e083374afc7e5901d78f852"
    },
    {
      "path": "656342dd3ccb06b58aad7786ec9eaac9c425564c.css",
      "where": "client",
      "type": "css",
      "cacheable": true,
      "url": "/656342dd3ccb06b58aad7786ec9eaac9c425564c.css?meteor_css_resource=true",
      "size": 223109,
      "hash": "656342dd3ccb06b58aad7786ec9eaac9c425564c"
    },
    {
      "path": "c03968f2a4762ee51aa54404d92f26d6255ae813.css",
      "where": "client",
      "type": "css",
      "cacheable": true,
      "url": "/c03968f2a4762ee51aa54404d92f26d6255ae813.css?meteor_css_resource=true",
      "size": 287031,
      "hash": "c03968f2a4762ee51aa54404d92f26d6255ae813"
    },
    {
      "path": "packages/fortawesome_fontawesome/upstream/fonts/fontawesome-webfont.eot",
      "where": "client",
      "type": "asset",
      "cacheable": false,
      "url": "/packages/fortawesome_fontawesome/upstream/fonts/fontawesome-webfont.eot",
      "size": 70807,
      "hash": "986eed8dca049714e43eeebcb3932741a4bec76d"
    },
    {
      "path": "packages/fortawesome_fontawesome/upstream/fonts/fontawesome-webfont.svg",
      "where": "client",
      "type": "asset",
      "cacheable": false,
      "url": "/packages/fortawesome_fontawesome/upstream/fonts/fontawesome-webfont.svg",
      "size": 365616,
      "hash": "b06b5c8f67fd632cdc62a33b62ae4f74194131b3"
    },
    {
      "path": "packages/fortawesome_fontawesome/upstream/fonts/fontawesome-webfont.ttf",
      "where": "client",
      "type": "asset",
      "cacheable": false,
      "url": "/packages/fortawesome_fontawesome/upstream/fonts/fontawesome-webfont.ttf",
      "size": 142072,
      "hash": "6484f1af6b485d5096b71b344e67f4164c33dd1f"
    },
    {
      "path": "packages/fortawesome_fontawesome/upstream/fonts/fontawesome-webfont.woff",
      "where": "client",
      "type": "asset",
      "cacheable": false,
      "url": "/packages/fortawesome_fontawesome/upstream/fonts/fontawesome-webfont.woff",
      "size": 83588,
      "hash": "4a313eb93b959cc4154c684b915b0a31ddb68d84"
    },
    {
      "path": "packages/fortawesome_fontawesome/upstream/fonts/fontawesome-webfont.woff2",
      "where": "client",
      "type": "asset",
      "cacheable": false,
      "url": "/packages/fortawesome_fontawesome/upstream/fonts/fontawesome-webfont.woff2",
      "size": 66624,
      "hash": "638c652d623280a58144f93e7b552c66d1667a11"
    },
    {
      "path": "packages/fortawesome_fontawesome/upstream/fonts/FontAwesome.otf",
      "where": "client",
      "type": "asset",
      "cacheable": false,
      "url": "/packages/fortawesome_fontawesome/upstream/fonts/FontAwesome.otf",
      "size": 109688,
      "hash": "42c179eef588854b5ec151bcf6a3f58aa8b79b11"
    },
    {
      "path": "packages/twbs_bootstrap/dist/fonts/glyphicons-halflings-regular.eot",
      "where": "client",
      "type": "asset",
      "cacheable": false,
      "url": "/packages/twbs_bootstrap/dist/fonts/glyphicons-halflings-regular.eot",
      "size": 20127,
      "hash": "86b6f62b7853e67d3e635f6512a5a5efc58ea3c3"
    },
    {
      "path": "packages/twbs_bootstrap/dist/fonts/glyphicons-halflings-regular.svg",
      "where": "client",
      "type": "asset",
      "cacheable": false,
      "url": "/packages/twbs_bootstrap/dist/fonts/glyphicons-halflings-regular.svg",
      "size": 108738,
      "hash": "de51a8494180a6db074af2dee2383f0a363c5b08"
    },
    {
      "path": "packages/twbs_bootstrap/dist/fonts/glyphicons-halflings-regular.ttf",
      "where": "client",
      "type": "asset",
      "cacheable": false,
      "url": "/packages/twbs_bootstrap/dist/fonts/glyphicons-halflings-regular.ttf",
      "size": 45404,
      "hash": "44bc1850f570972267b169ae18f1cb06b611ffa2"
    },
    {
      "path": "packages/twbs_bootstrap/dist/fonts/glyphicons-halflings-regular.woff",
      "where": "client",
      "type": "asset",
      "cacheable": false,
      "url": "/packages/twbs_bootstrap/dist/fonts/glyphicons-halflings-regular.woff",
      "size": 23424,
      "hash": "278e49a86e634da6f2a02f3b47dd9d2a8f26210f"
    },
    {
      "path": "packages/twbs_bootstrap/dist/fonts/glyphicons-halflings-regular.woff2",
      "where": "client",
      "type": "asset",
      "cacheable": false,
      "url": "/packages/twbs_bootstrap/dist/fonts/glyphicons-halflings-regular.woff2",
      "size": 18028,
      "hash": "ca35b697d99cae4d1b60f2d60fcd37771987eb07"
    },
    {
      "path": "packages/arch_ace-editor/ace-builds/src-noconflict/ace.js",
      "where": "client",
      "type": "asset",
      "cacheable": false,
      "url": "/packages/arch_ace-editor/ace-builds/src-noconflict/ace.js",
      "size": 644498,
      "hash": "7869429173d7b55bdf927fab149215dc98b6ad63"
    },
    {
      "path": "packages/arch_ace-editor/ace-builds/src-noconflict/ext-beautify.js",
      "where": "client",
      "type": "asset",
      "cacheable": false,
      "url": "/packages/arch_ace-editor/ace-builds/src-noconflict/ext-beautify.js",
      "size": 8278,
      "hash": "ce8e8790c41bff466c7e6ceacf434f3da3d34633"
    },
    {
      "path": "packages/arch_ace-editor/ace-builds/src-noconflict/ext-chromevox.js",
      "where": "client",
      "type": "asset",
      "cacheable": false,
      "url": "/packages/arch_ace-editor/ace-builds/src-noconflict/ext-chromevox.js",
      "size": 13613,
      "hash": "f67c1ce9349d9ad85442a4fdf121e4f222dd3ca5"
    },
    {
      "path": "packages/arch_ace-editor/ace-builds/src-noconflict/ext-elastic_tabstops_lite.js",
      "where": "client",
      "type": "asset",
      "cacheable": false,
      "url": "/packages/arch_ace-editor/ace-builds/src-noconflict/ext-elastic_tabstops_lite.js",
      "size": 8755,
      "hash": "10d5c61f41a8aeb201a65c4e5c61b51c0ed3cef5"
    },
    {
      "path": "packages/arch_ace-editor/ace-builds/src-noconflict/ext-emmet.js",
      "where": "client",
      "type": "asset",
      "cacheable": false,
      "url": "/packages/arch_ace-editor/ace-builds/src-noconflict/ext-emmet.js",
      "size": 42877,
      "hash": "5cbaf6219cf8bd6427ddb1b60e67ea2436403883"
    },
    {
      "path": "packages/arch_ace-editor/ace-builds/src-noconflict/ext-error_marker.js",
      "where": "client",
      "type": "asset",
      "cacheable": false,
      "url": "/packages/arch_ace-editor/ace-builds/src-noconflict/ext-error_marker.js",
      "size": 141,
      "hash": "08e265af8c7aebb3c9f12a58fbf61aa05f21bc85"
    },
    {
      "path": "packages/arch_ace-editor/ace-builds/src-noconflict/ext-keybinding_menu.js",
      "where": "client",
      "type": "asset",
      "cacheable": false,
      "url": "/packages/arch_ace-editor/ace-builds/src-noconflict/ext-keybinding_menu.js",
      "size": 5857,
      "hash": "30ce7a3d5cbced6e2c1a00fec5a54b8bf35d5906"
    },
    {
      "path": "packages/arch_ace-editor/ace-builds/src-noconflict/ext-language_tools.js",
      "where": "client",
      "type": "asset",
      "cacheable": false,
      "url": "/packages/arch_ace-editor/ace-builds/src-noconflict/ext-language_tools.js",
      "size": 67307,
      "hash": "2881d04c5e98fe90f0e948183778dba28135f2d0"
    },
    {
      "path": "packages/arch_ace-editor/ace-builds/src-noconflict/ext-linking.js",
      "where": "client",
      "type": "asset",
      "cacheable": false,
      "url": "/packages/arch_ace-editor/ace-builds/src-noconflict/ext-linking.js",
      "size": 1453,
      "hash": "e0f73b5208d7aa53c9db48b0802d0b209faafb09"
    },
    {
      "path": "packages/arch_ace-editor/ace-builds/src-noconflict/ext-modelist.js",
      "where": "client",
      "type": "asset",
      "cacheable": false,
      "url": "/packages/arch_ace-editor/ace-builds/src-noconflict/ext-modelist.js",
      "size": 5738,
      "hash": "3ba378a63fdb79b8141a84380a70ce719eaee030"
    },
    {
      "path": "packages/arch_ace-editor/ace-builds/src-noconflict/ext-old_ie.js",
      "where": "client",
      "type": "asset",
      "cacheable": false,
      "url": "/packages/arch_ace-editor/ace-builds/src-noconflict/ext-old_ie.js",
      "size": 16146,
      "hash": "17e5ae7ec58c701a3e96dd7d873f026683363f2d"
    },
    {
      "path": "packages/arch_ace-editor/ace-builds/src-noconflict/ext-searchbox.js",
      "where": "client",
      "type": "asset",
      "cacheable": false,
      "url": "/packages/arch_ace-editor/ace-builds/src-noconflict/ext-searchbox.js",
      "size": 13575,
      "hash": "9fbef4d503833d077fa3264c749e88ee2cbb8bb0"
    },
    {
      "path": "packages/arch_ace-editor/ace-builds/src-noconflict/ext-settings_menu.js",
      "where": "client",
      "type": "asset",
      "cacheable": false,
      "url": "/packages/arch_ace-editor/ace-builds/src-noconflict/ext-settings_menu.js",
      "size": 20639,
      "hash": "d75632eeace8deaf71f636c65a9c05c1fee61c8a"
    },
    {
      "path": "packages/arch_ace-editor/ace-builds/src-noconflict/ext-spellcheck.js",
      "where": "client",
      "type": "asset",
      "cacheable": false,
      "url": "/packages/arch_ace-editor/ace-builds/src-noconflict/ext-spellcheck.js",
      "size": 2409,
      "hash": "bc5390434ac5bc31d28efd118c7c0361326e9457"
    },
    {
      "path": "packages/arch_ace-editor/ace-builds/src-noconflict/ext-split.js",
      "where": "client",
      "type": "asset",
      "cacheable": false,
      "url": "/packages/arch_ace-editor/ace-builds/src-noconflict/ext-split.js",
      "size": 7394,
      "hash": "1a9fa098247ce2a4888b21afd6a1973746e4ee37"
    },
    {
      "path": "packages/arch_ace-editor/ace-builds/src-noconflict/ext-static_highlight.js",
      "where": "client",
      "type": "asset",
      "cacheable": false,
      "url": "/packages/arch_ace-editor/ace-builds/src-noconflict/ext-static_highlight.js",
      "size": 5028,
      "hash": "05d9a57591d2a56ee34e7a50e7dad8aa85af6bf6"
    },
    {
      "path": "packages/arch_ace-editor/ace-builds/src-noconflict/ext-statusbar.js",
      "where": "client",
      "type": "asset",
      "cacheable": false,
      "url": "/packages/arch_ace-editor/ace-builds/src-noconflict/ext-statusbar.js",
      "size": 1725,
      "hash": "d24fdd711246f6e669c3f75e7316b202ecc915e5"
    },
    {
      "path": "packages/arch_ace-editor/ace-builds/src-noconflict/ext-textarea.js",
      "where": "client",
      "type": "asset",
      "cacheable": false,
      "url": "/packages/arch_ace-editor/ace-builds/src-noconflict/ext-textarea.js",
      "size": 16230,
      "hash": "f94980bd2f1d22e0f132a7b6b0557b683c429a76"
    },
    {
      "path": "packages/arch_ace-editor/ace-builds/src-noconflict/ext-themelist.js",
      "where": "client",
      "type": "asset",
      "cacheable": false,
      "url": "/packages/arch_ace-editor/ace-builds/src-noconflict/ext-themelist.js",
      "size": 2360,
      "hash": "d2b7c9b43f47dfb6f71ddc48ed648eaf1ff295c6"
    },
    {
      "path": "packages/arch_ace-editor/ace-builds/src-noconflict/ext-whitespace.js",
      "where": "client",
      "type": "asset",
      "cacheable": false,
      "url": "/packages/arch_ace-editor/ace-builds/src-noconflict/ext-whitespace.js",
      "size": 5434,
      "hash": "9b8cd9535d44735fd6b9c47357b9b00ef72565b1"
    },
    {
      "path": "packages/arch_ace-editor/ace-builds/src-noconflict/keybinding-emacs.js",
      "where": "client",
      "type": "asset",
      "cacheable": false,
      "url": "/packages/arch_ace-editor/ace-builds/src-noconflict/keybinding-emacs.js",
      "size": 41006,
      "hash": "4a595791bc37ba96c74696c82fed7ee70b42a886"
    },
    {
      "path": "packages/arch_ace-editor/ace-builds/src-noconflict/keybinding-vim.js",
      "where": "client",
      "type": "asset",
      "cacheable": false,
      "url": "/packages/arch_ace-editor/ace-builds/src-noconflict/keybinding-vim.js",
      "size": 204851,
      "hash": "bebc2ed5f442951880ee2656c6bade9baf08c442"
    },
    {
      "path": "packages/arch_ace-editor/ace-builds/src-noconflict/mode-abap.js",
      "where": "client",
      "type": "asset",
      "cacheable": false,
      "url": "/packages/arch_ace-editor/ace-builds/src-noconflict/mode-abap.js",
      "size": 9634,
      "hash": "e750bf0f2ade0f5763658631e04a7d034c7e755f"
    },
    {
      "path": "packages/arch_ace-editor/ace-builds/src-noconflict/mode-abc.js",
      "where": "client",
      "type": "asset",
      "cacheable": false,
      "url": "/packages/arch_ace-editor/ace-builds/src-noconflict/mode-abc.js",
      "size": 9017,
      "hash": "1ef2a5b2ea8375084de889fd2a9db025cfcbbf0a"
    },
    {
      "path": "packages/arch_ace-editor/ace-builds/src-noconflict/mode-actionscript.js",
      "where": "client",
      "type": "asset",
      "cacheable": false,
      "url": "/packages/arch_ace-editor/ace-builds/src-noconflict/mode-actionscript.js",
      "size": 24591,
      "hash": "a0b3083b19e1dda6a7fed352009a4bf47e76b3a1"
    },
    {
      "path": "packages/arch_ace-editor/ace-builds/src-noconflict/mode-ada.js",
      "where": "client",
      "type": "asset",
      "cacheable": false,
      "url": "/packages/arch_ace-editor/ace-builds/src-noconflict/mode-ada.js",
      "size": 2781,
      "hash": "a16dc48a3369dc8d512b6cdd83edc890ef8992ee"
    },
    {
      "path": "packages/arch_ace-editor/ace-builds/src-noconflict/mode-apache_conf.js",
      "where": "client",
      "type": "asset",
      "cacheable": false,
      "url": "/packages/arch_ace-editor/ace-builds/src-noconflict/mode-apache_conf.js",
      "size": 19013,
      "hash": "99dbc0d1af0933e7bb1e828741a3ae31a7d91fde"
    },
    {
      "path": "packages/arch_ace-editor/ace-builds/src-noconflict/mode-applescript.js",
      "where": "client",
      "type": "asset",
      "cacheable": false,
      "url": "/packages/arch_ace-editor/ace-builds/src-noconflict/mode-applescript.js",
      "size": 9587,
      "hash": "ab54a8b86bc44bd42015964c8dc5a20955ea5351"
    },
    {
      "path": "packages/arch_ace-editor/ace-builds/src-noconflict/mode-asciidoc.js",
      "where": "client",
      "type": "asset",
      "cacheable": false,
      "url": "/packages/arch_ace-editor/ace-builds/src-noconflict/mode-asciidoc.js",
      "size": 13798,
      "hash": "37c8141dc3887ece6f9c3216a009733eace28605"
    },
    {
      "path": "packages/arch_ace-editor/ace-builds/src-noconflict/mode-assembly_x86.js",
      "where": "client",
      "type": "asset",
      "cacheable": false,
      "url": "/packages/arch_ace-editor/ace-builds/src-noconflict/mode-assembly_x86.js",
      "size": 11666,
      "hash": "6f3b7f16c90d9268a67a53101cba5c24207b8b0e"
    },
    {
      "path": "packages/arch_ace-editor/ace-builds/src-noconflict/mode-autohotkey.js",
      "where": "client",
      "type": "asset",
      "cacheable": false,
      "url": "/packages/arch_ace-editor/ace-builds/src-noconflict/mode-autohotkey.js",
      "size": 67198,
      "hash": "3ddb2ce1b546d8ce08ac53fc1c2aaeabd9865a27"
    },
    {
      "path": "packages/arch_ace-editor/ace-builds/src-noconflict/mode-batchfile.js",
      "where": "client",
      "type": "asset",
      "cacheable": false,
      "url": "/packages/arch_ace-editor/ace-builds/src-noconflict/mode-batchfile.js",
      "size": 8189,
      "hash": "5d3d5c2e497181b4e8807e4db4ef65a5fb8b1985"
    },
    {
      "path": "packages/arch_ace-editor/ace-builds/src-noconflict/mode-c9search.js",
      "where": "client",
      "type": "asset",
      "cacheable": false,
      "url": "/packages/arch_ace-editor/ace-builds/src-noconflict/mode-c9search.js",
      "size": 9263,
      "hash": "1ee2a4549769de7ebed41dad3b12e7d6c35b62c1"
    },
    {
      "path": "packages/arch_ace-editor/ace-builds/src-noconflict/mode-c_cpp.js",
      "where": "client",
      "type": "asset",
      "cacheable": false,
      "url": "/packages/arch_ace-editor/ace-builds/src-noconflict/mode-c_cpp.js",
      "size": 33496,
      "hash": "99417b2dedc7a2f7fbfc995b54e8729fff74f5ff"
    },
    {
      "path": "packages/arch_ace-editor/ace-builds/src-noconflict/mode-cirru.js",
      "where": "client",
      "type": "asset",
      "cacheable": false,
      "url": "/packages/arch_ace-editor/ace-builds/src-noconflict/mode-cirru.js",
      "size": 5941,
      "hash": "15060ea66204df54512ff9d1d0c941c78e412e92"
    },
    {
      "path": "packages/arch_ace-editor/ace-builds/src-noconflict/mode-clojure.js",
      "where": "client",
      "type": "asset",
      "cacheable": false,
      "url": "/packages/arch_ace-editor/ace-builds/src-noconflict/mode-clojure.js",
      "size": 12747,
      "hash": "e8405bd6830e41b4783f4da936ce4d6f646fd61a"
    },
    {
      "path": "packages/arch_ace-editor/ace-builds/src-noconflict/mode-cobol.js",
      "where": "client",
      "type": "asset",
      "cacheable": false,
      "url": "/packages/arch_ace-editor/ace-builds/src-noconflict/mode-cobol.js",
      "size": 3377,
      "hash": "d304065cd0367df24a79cccd578a371254923529"
    },
    {
      "path": "packages/arch_ace-editor/ace-builds/src-noconflict/mode-coffee.js",
      "where": "client",
      "type": "asset",
      "cacheable": false,
      "url": "/packages/arch_ace-editor/ace-builds/src-noconflict/mode-coffee.js",
      "size": 15077,
      "hash": "3a1f51779ec749b1d9ac9b03624d9785cfb64f9b"
    },
    {
      "path": "packages/arch_ace-editor/ace-builds/src-noconflict/mode-coldfusion.js",
      "where": "client",
      "type": "asset",
      "cacheable": false,
      "url": "/packages/arch_ace-editor/ace-builds/src-noconflict/mode-coldfusion.js",
      "size": 118207,
      "hash": "1546998e79fdfeebb8b4f78e11f9e613d9a76cdf"
    },
    {
      "path": "packages/arch_ace-editor/ace-builds/src-noconflict/mode-csharp.js",
      "where": "client",
      "type": "asset",
      "cacheable": false,
      "url": "/packages/arch_ace-editor/ace-builds/src-noconflict/mode-csharp.js",
      "size": 31067,
      "hash": "917a7222de032afe8ea39cb3a04fc3a35f8c2241"
    },
    {
      "path": "packages/arch_ace-editor/ace-builds/src-noconflict/mode-css.js",
      "where": "client",
      "type": "asset",
      "cacheable": false,
      "url": "/packages/arch_ace-editor/ace-builds/src-noconflict/mode-css.js",
      "size": 44308,
      "hash": "823671464bfc925fd6255bf111e55a10e55ef6c6"
    },
    {
      "path": "packages/arch_ace-editor/ace-builds/src-noconflict/mode-curly.js",
      "where": "client",
      "type": "asset",
      "cacheable": false,
      "url": "/packages/arch_ace-editor/ace-builds/src-noconflict/mode-curly.js",
      "size": 116360,
      "hash": "99e26dd57889064565e8e9324864bab42f8f284c"
    },
    {
      "path": "packages/arch_ace-editor/ace-builds/src-noconflict/mode-d.js",
      "where": "client",
      "type": "asset",
      "cacheable": false,
      "url": "/packages/arch_ace-editor/ace-builds/src-noconflict/mode-d.js",
      "size": 17473,
      "hash": "145b63e6226422f930ee97effd0c77e9475a652b"
    },
    {
      "path": "packages/arch_ace-editor/ace-builds/src-noconflict/mode-dart.js",
      "where": "client",
      "type": "asset",
      "cacheable": false,
      "url": "/packages/arch_ace-editor/ace-builds/src-noconflict/mode-dart.js",
      "size": 39494,
      "hash": "4c55a29ff3180863f37aefae6f22beceedac3c57"
    },
    {
      "path": "packages/arch_ace-editor/ace-builds/src-noconflict/mode-diff.js",
      "where": "client",
      "type": "asset",
      "cacheable": false,
      "url": "/packages/arch_ace-editor/ace-builds/src-noconflict/mode-diff.js",
      "size": 4466,
      "hash": "38aaec54d7343c1e43832a5399f54ef28db2e64d"
    },
    {
      "path": "packages/arch_ace-editor/ace-builds/src-noconflict/mode-django.js",
      "where": "client",
      "type": "asset",
      "cacheable": false,
      "url": "/packages/arch_ace-editor/ace-builds/src-noconflict/mode-django.js",
      "size": 117200,
      "hash": "f187920511384aac1685d666bdf7844828e0b714"
    },
    {
      "path": "packages/arch_ace-editor/ace-builds/src-noconflict/mode-dockerfile.js",
      "where": "client",
      "type": "asset",
      "cacheable": false,
      "url": "/packages/arch_ace-editor/ace-builds/src-noconflict/mode-dockerfile.js",
      "size": 31057,
      "hash": "b3e99965f8dd3d65767669f93f02d2317a0bb135"
    },
    {
      "path": "packages/arch_ace-editor/ace-builds/src-noconflict/mode-dot.js",
      "where": "client",
      "type": "asset",
      "cacheable": false,
      "url": "/packages/arch_ace-editor/ace-builds/src-noconflict/mode-dot.js",
      "size": 13908,
      "hash": "1c49e70c7b757736b05afbc53f830976270eac37"
    },
    {
      "path": "packages/arch_ace-editor/ace-builds/src-noconflict/mode-eiffel.js",
      "where": "client",
      "type": "asset",
      "cacheable": false,
      "url": "/packages/arch_ace-editor/ace-builds/src-noconflict/mode-eiffel.js",
      "size": 4959,
      "hash": "0b4f2162b911cd44f64093e1062536263753fc05"
    },
    {
      "path": "packages/arch_ace-editor/ace-builds/src-noconflict/mode-ejs.js",
      "where": "client",
      "type": "asset",
      "cacheable": false,
      "url": "/packages/arch_ace-editor/ace-builds/src-noconflict/mode-ejs.js",
      "size": 134176,
      "hash": "751c202b422c1cb0fed10712f8a1098bbcd83cdf"
    },
    {
      "path": "packages/arch_ace-editor/ace-builds/src-noconflict/mode-elixir.js",
      "where": "client",
      "type": "asset",
      "cacheable": false,
      "url": "/packages/arch_ace-editor/ace-builds/src-noconflict/mode-elixir.js",
      "size": 23258,
      "hash": "269e4d5c9718b08f11f04a13669b8b6f06c2ea58"
    },
    {
      "path": "packages/arch_ace-editor/ace-builds/src-noconflict/mode-elm.js",
      "where": "client",
      "type": "asset",
      "cacheable": false,
      "url": "/packages/arch_ace-editor/ace-builds/src-noconflict/mode-elm.js",
      "size": 9288,
      "hash": "55ff3039a9adf42402c72a19bcd8f08880ac3a81"
    },
    {
      "path": "packages/arch_ace-editor/ace-builds/src-noconflict/mode-erlang.js",
      "where": "client",
      "type": "asset",
      "cacheable": false,
      "url": "/packages/arch_ace-editor/ace-builds/src-noconflict/mode-erlang.js",
      "size": 46348,
      "hash": "10644173534b6540b83db2601af30bb4ee82a60c"
    },
    {
      "path": "packages/arch_ace-editor/ace-builds/src-noconflict/mode-forth.js",
      "where": "client",
      "type": "asset",
      "cacheable": false,
      "url": "/packages/arch_ace-editor/ace-builds/src-noconflict/mode-forth.js",
      "size": 11197,
      "hash": "3b173c28109c7bc3d1eff3cde1bdb27bfa86d3a1"
    },
    {
      "path": "packages/arch_ace-editor/ace-builds/src-noconflict/mode-ftl.js",
      "where": "client",
      "type": "asset",
      "cacheable": false,
      "url": "/packages/arch_ace-editor/ace-builds/src-noconflict/mode-ftl.js",
      "size": 50280,
      "hash": "bc20e358c0b699b2c1bb6632fc8ec94d3d71ce67"
    },
    {
      "path": "packages/arch_ace-editor/ace-builds/src-noconflict/mode-gcode.js",
      "where": "client",
      "type": "asset",
      "cacheable": false,
      "url": "/packages/arch_ace-editor/ace-builds/src-noconflict/mode-gcode.js",
      "size": 2796,
      "hash": "755a157192890a912020795a5d29cf8a0f2e660b"
    },
    {
      "path": "packages/arch_ace-editor/ace-builds/src-noconflict/mode-gherkin.js",
      "where": "client",
      "type": "asset",
      "cacheable": false,
      "url": "/packages/arch_ace-editor/ace-builds/src-noconflict/mode-gherkin.js",
      "size": 4654,
      "hash": "30ee45392a1b5c03ea6a69b03f111fcf4bd153c6"
    },
    {
      "path": "packages/arch_ace-editor/ace-builds/src-noconflict/mode-gitignore.js",
      "where": "client",
      "type": "asset",
      "cacheable": false,
      "url": "/packages/arch_ace-editor/ace-builds/src-noconflict/mode-gitignore.js",
      "size": 1443,
      "hash": "aeec47ac08d44ee1dc9e7e92423e03dd9773bebe"
    },
    {
      "path": "packages/arch_ace-editor/ace-builds/src-noconflict/mode-glsl.js",
      "where": "client",
      "type": "asset",
      "cacheable": false,
      "url": "/packages/arch_ace-editor/ace-builds/src-noconflict/mode-glsl.js",
      "size": 36623,
      "hash": "d595270c1f51829ddb38b1455c276200759d84bc"
    },
    {
      "path": "packages/arch_ace-editor/ace-builds/src-noconflict/mode-golang.js",
      "where": "client",
      "type": "asset",
      "cacheable": false,
      "url": "/packages/arch_ace-editor/ace-builds/src-noconflict/mode-golang.js",
      "size": 28734,
      "hash": "50fe5e5bdee08a6ea32f4baa4ee03be7f96bf21a"
    },
    {
      "path": "packages/arch_ace-editor/ace-builds/src-noconflict/mode-groovy.js",
      "where": "client",
      "type": "asset",
      "cacheable": false,
      "url": "/packages/arch_ace-editor/ace-builds/src-noconflict/mode-groovy.js",
      "size": 54021,
      "hash": "32fb307ce69988903cd5caba3bd73374b5a79cd7"
    },
    {
      "path": "packages/arch_ace-editor/ace-builds/src-noconflict/mode-haml.js",
      "where": "client",
      "type": "asset",
      "cacheable": false,
      "url": "/packages/arch_ace-editor/ace-builds/src-noconflict/mode-haml.js",
      "size": 19142,
      "hash": "dbfc5d92fe6d4626b9cc5742adaa61284c4d8266"
    },
    {
      "path": "packages/arch_ace-editor/ace-builds/src-noconflict/mode-handlebars.js",
      "where": "client",
      "type": "asset",
      "cacheable": false,
      "url": "/packages/arch_ace-editor/ace-builds/src-noconflict/mode-handlebars.js",
      "size": 117895,
      "hash": "5ba8ad1b6b094f3adc0a54cd23840ce07bd57e49"
    },
    {
      "path": "packages/arch_ace-editor/ace-builds/src-noconflict/mode-haskell.js",
      "where": "client",
      "type": "asset",
      "cacheable": false,
      "url": "/packages/arch_ace-editor/ace-builds/src-noconflict/mode-haskell.js",
      "size": 17091,
      "hash": "d242ab3e696860d98a8e514a4e1bd8d84daeaaec"
    },
    {
      "path": "packages/arch_ace-editor/ace-builds/src-noconflict/mode-haxe.js",
      "where": "client",
      "type": "asset",
      "cacheable": false,
      "url": "/packages/arch_ace-editor/ace-builds/src-noconflict/mode-haxe.js",
      "size": 27193,
      "hash": "01069c237889fcad5d5467523f2bf9e126da0eee"
    },
    {
      "path": "packages/arch_ace-editor/ace-builds/src-noconflict/mode-html.js",
      "where": "client",
      "type": "asset",
      "cacheable": false,
      "url": "/packages/arch_ace-editor/ace-builds/src-noconflict/mode-html.js",
      "size": 114660,
      "hash": "8f60f10c2c612caa42e5c85ce38fbc8649f412a6"
    },
    {
      "path": "packages/arch_ace-editor/ace-builds/src-noconflict/mode-html_elixir.js",
      "where": "client",
      "type": "asset",
      "cacheable": false,
      "url": "/packages/arch_ace-editor/ace-builds/src-noconflict/mode-html_elixir.js",
      "size": 140568,
      "hash": "56d15cff0fea9baebcdf6913556bd90490da0207"
    },
    {
      "path": "packages/arch_ace-editor/ace-builds/src-noconflict/mode-html_ruby.js",
      "where": "client",
      "type": "asset",
      "cacheable": false,
      "url": "/packages/arch_ace-editor/ace-builds/src-noconflict/mode-html_ruby.js",
      "size": 134959,
      "hash": "d2d2160b5148d246e0689b58c38dc8b80346e4b9"
    },
    {
      "path": "packages/arch_ace-editor/ace-builds/src-noconflict/mode-ini.js",
      "where": "client",
      "type": "asset",
      "cacheable": false,
      "url": "/packages/arch_ace-editor/ace-builds/src-noconflict/mode-ini.js",
      "size": 4639,
      "hash": "3119ad093101bc836f613d034cd708dfcd9ba504"
    },
    {
      "path": "packages/arch_ace-editor/ace-builds/src-noconflict/mode-io.js",
      "where": "client",
      "type": "asset",
      "cacheable": false,
      "url": "/packages/arch_ace-editor/ace-builds/src-noconflict/mode-io.js",
      "size": 9409,
      "hash": "1e35193bf1df7a26190e4b46f92df74f95153279"
    },
    {
      "path": "packages/arch_ace-editor/ace-builds/src-noconflict/mode-jack.js",
      "where": "client",
      "type": "asset",
      "cacheable": false,
      "url": "/packages/arch_ace-editor/ace-builds/src-noconflict/mode-jack.js",
      "size": 25856,
      "hash": "c2634e93ceb55a60152e1e994a782fd935f4e3cb"
    },
    {
      "path": "packages/arch_ace-editor/ace-builds/src-noconflict/mode-jade.js",
      "where": "client",
      "type": "asset",
      "cacheable": false,
      "url": "/packages/arch_ace-editor/ace-builds/src-noconflict/mode-jade.js",
      "size": 92408,
      "hash": "d67838ab4acfbae4b82af85b328df69879e2d3d3"
    },
    {
      "path": "packages/arch_ace-editor/ace-builds/src-noconflict/mode-java.js",
      "where": "client",
      "type": "asset",
      "cacheable": false,
      "url": "/packages/arch_ace-editor/ace-builds/src-noconflict/mode-java.js",
      "size": 52546,
      "hash": "cbb08a6d75279708ce03034a07b18c42435c40c5"
    },
    {
      "path": "packages/arch_ace-editor/ace-builds/src-noconflict/mode-javascript.js",
      "where": "client",
      "type": "asset",
      "cacheable": false,
      "url": "/packages/arch_ace-editor/ace-builds/src-noconflict/mode-javascript.js",
      "size": 46786,
      "hash": "2adaedb1ccc5597401d12873f4fa26eff9b6da0d"
    },
    {
      "path": "packages/arch_ace-editor/ace-builds/src-noconflict/mode-json.js",
      "where": "client",
      "type": "asset",
      "cacheable": false,
      "url": "/packages/arch_ace-editor/ace-builds/src-noconflict/mode-json.js",
      "size": 24765,
      "hash": "fa3bcd930a4354f3241469e18501ccc975346ee9"
    },
    {
      "path": "packages/arch_ace-editor/ace-builds/src-noconflict/mode-jsoniq.js",
      "where": "client",
      "type": "asset",
      "cacheable": false,
      "url": "/packages/arch_ace-editor/ace-builds/src-noconflict/mode-jsoniq.js",
      "size": 341595,
      "hash": "d2140b1c482ed1d60402f6cfd5a4b6d870830975"
    },
    {
      "path": "packages/arch_ace-editor/ace-builds/src-noconflict/mode-jsp.js",
      "where": "client",
      "type": "asset",
      "cacheable": false,
      "url": "/packages/arch_ace-editor/ace-builds/src-noconflict/mode-jsp.js",
      "size": 72553,
      "hash": "a1a7f4431744cb3e78776e9657b8fe75ac3c9e51"
    },
    {
      "path": "packages/arch_ace-editor/ace-builds/src-noconflict/mode-jsx.js",
      "where": "client",
      "type": "asset",
      "cacheable": false,
      "url": "/packages/arch_ace-editor/ace-builds/src-noconflict/mode-jsx.js",
      "size": 28309,
      "hash": "c57f1ad7b9fa9fc0f09ce70b9e47c0193b93daaf"
    },
    {
      "path": "packages/arch_ace-editor/ace-builds/src-noconflict/mode-julia.js",
      "where": "client",
      "type": "asset",
      "cacheable": false,
      "url": "/packages/arch_ace-editor/ace-builds/src-noconflict/mode-julia.js",
      "size": 11846,
      "hash": "ceb17a72f3352cb005d022e64c3e21b7d2cb88d5"
    },
    {
      "path": "packages/arch_ace-editor/ace-builds/src-noconflict/mode-latex.js",
      "where": "client",
      "type": "asset",
      "cacheable": false,
      "url": "/packages/arch_ace-editor/ace-builds/src-noconflict/mode-latex.js",
      "size": 7272,
      "hash": "11f089ebf37682c252d6a306cc93e143a5d6330b"
    },
    {
      "path": "packages/arch_ace-editor/ace-builds/src-noconflict/mode-lean.js",
      "where": "client",
      "type": "asset",
      "cacheable": false,
      "url": "/packages/arch_ace-editor/ace-builds/src-noconflict/mode-lean.js",
      "size": 9687,
      "hash": "63cab6b28da122798c03137cf0333d9aa1a65e2a"
    },
    {
      "path": "packages/arch_ace-editor/ace-builds/src-noconflict/mode-less.js",
      "where": "client",
      "type": "asset",
      "cacheable": false,
      "url": "/packages/arch_ace-editor/ace-builds/src-noconflict/mode-less.js",
      "size": 36458,
      "hash": "f6e601033f67ec9d365e3494cab15c7beaf6c4e8"
    },
    {
      "path": "packages/arch_ace-editor/ace-builds/src-noconflict/mode-liquid.js",
      "where": "client",
      "type": "asset",
      "cacheable": false,
      "url": "/packages/arch_ace-editor/ace-builds/src-noconflict/mode-liquid.js",
      "size": 49876,
      "hash": "67422e7d434be08b1ea04caeb73d9998581f9c13"
    },
    {
      "path": "packages/arch_ace-editor/ace-builds/src-noconflict/mode-lisp.js",
      "where": "client",
      "type": "asset",
      "cacheable": false,
      "url": "/packages/arch_ace-editor/ace-builds/src-noconflict/mode-lisp.js",
      "size": 3187,
      "hash": "b14b2c53564afb14cc06bde1670556b38aae41e2"
    },
    {
      "path": "packages/arch_ace-editor/ace-builds/src-noconflict/mode-live_script.js",
      "where": "client",
      "type": "asset",
      "cacheable": false,
      "url": "/packages/arch_ace-editor/ace-builds/src-noconflict/mode-live_script.js",
      "size": 27351,
      "hash": "8d21150fbfae95a7879f74df885e2b7fca2b4c14"
    },
    {
      "path": "packages/arch_ace-editor/ace-builds/src-noconflict/mode-livescript.js",
      "where": "client",
      "type": "asset",
      "cacheable": false,
      "url": "/packages/arch_ace-editor/ace-builds/src-noconflict/mode-livescript.js",
      "size": 8640,
      "hash": "e4dbdcfcb830448552ab150d819c73dcc343f5c7"
    },
    {
      "path": "packages/arch_ace-editor/ace-builds/src-noconflict/mode-logiql.js",
      "where": "client",
      "type": "asset",
      "cacheable": false,
      "url": "/packages/arch_ace-editor/ace-builds/src-noconflict/mode-logiql.js",
      "size": 25497,
      "hash": "9d15c0dbedfce9d39f2eb85fc1b3edb6f23622e4"
    },
    {
      "path": "packages/arch_ace-editor/ace-builds/src-noconflict/mode-lsl.js",
      "where": "client",
      "type": "asset",
      "cacheable": false,
      "url": "/packages/arch_ace-editor/ace-builds/src-noconflict/mode-lsl.js",
      "size": 46462,
      "hash": "9691b655fd938bf5b770983dff5c58548ab21eb7"
    },
    {
      "path": "packages/arch_ace-editor/ace-builds/src-noconflict/mode-lua.js",
      "where": "client",
      "type": "asset",
      "cacheable": false,
      "url": "/packages/arch_ace-editor/ace-builds/src-noconflict/mode-lua.js",
      "size": 14506,
      "hash": "873a2226bc104f9a7c00a6d9b1261d4cd2e42c10"
    },
    {
      "path": "packages/arch_ace-editor/ace-builds/src-noconflict/mode-luapage.js",
      "where": "client",
      "type": "asset",
      "cacheable": false,
      "url": "/packages/arch_ace-editor/ace-builds/src-noconflict/mode-luapage.js",
      "size": 131130,
      "hash": "f58d8601757137f858b841da28882ef2d3ab1dbc"
    },
    {
      "path": "packages/arch_ace-editor/ace-builds/src-noconflict/mode-lucene.js",
      "where": "client",
      "type": "asset",
      "cacheable": false,
      "url": "/packages/arch_ace-editor/ace-builds/src-noconflict/mode-lucene.js",
      "size": 2078,
      "hash": "59f699ee528b3f232b0a2254ee1b124cfded4e0e"
    },
    {
      "path": "packages/arch_ace-editor/ace-builds/src-noconflict/mode-makefile.js",
      "where": "client",
      "type": "asset",
      "cacheable": false,
      "url": "/packages/arch_ace-editor/ace-builds/src-noconflict/mode-makefile.js",
      "size": 13060,
      "hash": "7fabdd39feaede2f68fb43418dbd43d989b9a877"
    },
    {
      "path": "packages/arch_ace-editor/ace-builds/src-noconflict/mode-markdown.js",
      "where": "client",
      "type": "asset",
      "cacheable": false,
      "url": "/packages/arch_ace-editor/ace-builds/src-noconflict/mode-markdown.js",
      "size": 127551,
      "hash": "57daf575766aaceb38410e2b0eceaba067c739f8"
    },
    {
      "path": "packages/arch_ace-editor/ace-builds/src-noconflict/mode-mask.js",
      "where": "client",
      "type": "asset",
      "cacheable": false,
      "url": "/packages/arch_ace-editor/ace-builds/src-noconflict/mode-mask.js",
      "size": 85476,
      "hash": "f7d204c7f9f7edc9e6c4791f4fdfc3a407657c22"
    },
    {
      "path": "packages/arch_ace-editor/ace-builds/src-noconflict/mode-matlab.js",
      "where": "client",
      "type": "asset",
      "cacheable": false,
      "url": "/packages/arch_ace-editor/ace-builds/src-noconflict/mode-matlab.js",
      "size": 23162,
      "hash": "e120fccbda78e7fd7ddf792a2134182daa489099"
    },
    {
      "path": "packages/arch_ace-editor/ace-builds/src-noconflict/mode-mavens_mate_log.js",
      "where": "client",
      "type": "asset",
      "cacheable": false,
      "url": "/packages/arch_ace-editor/ace-builds/src-noconflict/mode-mavens_mate_log.js",
      "size": 5339,
      "hash": "a7751a36de7b8f460a1cfea55b4ff3f64d161fd8"
    },
    {
      "path": "packages/arch_ace-editor/ace-builds/src-noconflict/mode-maze.js",
      "where": "client",
      "type": "asset",
      "cacheable": false,
      "url": "/packages/arch_ace-editor/ace-builds/src-noconflict/mode-maze.js",
      "size": 9017,
      "hash": "5dc1a4982b17ed162cef528711588513e604f550"
    },
    {
      "path": "packages/arch_ace-editor/ace-builds/src-noconflict/mode-mel.js",
      "where": "client",
      "type": "asset",
      "cacheable": false,
      "url": "/packages/arch_ace-editor/ace-builds/src-noconflict/mode-mel.js",
      "size": 43730,
      "hash": "b835237ede20a9af1c0e4632f1a7dd70d6a72e9c"
    },
    {
      "path": "packages/arch_ace-editor/ace-builds/src-noconflict/mode-mips_assembler.js",
      "where": "client",
      "type": "asset",
      "cacheable": false,
      "url": "/packages/arch_ace-editor/ace-builds/src-noconflict/mode-mips_assembler.js",
      "size": 9557,
      "hash": "95134f53b2620fee7fa40e2683d651f6d8cec9a0"
    },
    {
      "path": "packages/arch_ace-editor/ace-builds/src-noconflict/mode-mipsassembler.js",
      "where": "client",
      "type": "asset",
      "cacheable": false,
      "url": "/packages/arch_ace-editor/ace-builds/src-noconflict/mode-mipsassembler.js",
      "size": 6231,
      "hash": "060dfd5e8581545526fb47b85c7a61a43f2b43fb"
    },
    {
      "path": "packages/arch_ace-editor/ace-builds/src-noconflict/mode-mushcode.js",
      "where": "client",
      "type": "asset",
      "cacheable": false,
      "url": "/packages/arch_ace-editor/ace-builds/src-noconflict/mode-mushcode.js",
      "size": 12003,
      "hash": "871f3a5c92940e6e1e1ccb7b7fa9d2a9107445fb"
    },
    {
      "path": "packages/arch_ace-editor/ace-builds/src-noconflict/mode-mysql.js",
      "where": "client",
      "type": "asset",
      "cacheable": false,
      "url": "/packages/arch_ace-editor/ace-builds/src-noconflict/mode-mysql.js",
      "size": 8692,
      "hash": "165e8116b3f6580b9f44110fffaa13ac41619b55"
    },
    {
      "path": "packages/arch_ace-editor/ace-builds/src-noconflict/mode-nix.js",
      "where": "client",
      "type": "asset",
      "cacheable": false,
      "url": "/packages/arch_ace-editor/ace-builds/src-noconflict/mode-nix.js",
      "size": 38351,
      "hash": "cf5e74e1409236f36f16213b43bac611b2b945fb"
    },
    {
      "path": "packages/arch_ace-editor/ace-builds/src-noconflict/mode-objectivec.js",
      "where": "client",
      "type": "asset",
      "cacheable": false,
      "url": "/packages/arch_ace-editor/ace-builds/src-noconflict/mode-objectivec.js",
      "size": 65129,
      "hash": "a4bf9852e617287b1ad01664ff151c28b77a8e55"
    },
    {
      "path": "packages/arch_ace-editor/ace-builds/src-noconflict/mode-ocaml.js",
      "where": "client",
      "type": "asset",
      "cacheable": false,
      "url": "/packages/arch_ace-editor/ace-builds/src-noconflict/mode-ocaml.js",
      "size": 21466,
      "hash": "8ce6068be9e0d53e6c6ac43a5c831a46234c4205"
    },
    {
      "path": "packages/arch_ace-editor/ace-builds/src-noconflict/mode-pascal.js",
      "where": "client",
      "type": "asset",
      "cacheable": false,
      "url": "/packages/arch_ace-editor/ace-builds/src-noconflict/mode-pascal.js",
      "size": 7559,
      "hash": "5bcc0f217eab3147f2f6cac01cf10407a771195f"
    },
    {
      "path": "packages/arch_ace-editor/ace-builds/src-noconflict/mode-perl.js",
      "where": "client",
      "type": "asset",
      "cacheable": false,
      "url": "/packages/arch_ace-editor/ace-builds/src-noconflict/mode-perl.js",
      "size": 13040,
      "hash": "5ea65a41ab8b07fdae9fb78df4f234bf8b6ecf85"
    },
    {
      "path": "packages/arch_ace-editor/ace-builds/src-noconflict/mode-pgsql.js",
      "where": "client",
      "type": "asset",
      "cacheable": false,
      "url": "/packages/arch_ace-editor/ace-builds/src-noconflict/mode-pgsql.js",
      "size": 80606,
      "hash": "f20913604d1c418742144e5ec7988cea91cdb6d0"
    },
    {
      "path": "packages/arch_ace-editor/ace-builds/src-noconflict/mode-php.js",
      "where": "client",
      "type": "asset",
      "cacheable": false,
      "url": "/packages/arch_ace-editor/ace-builds/src-noconflict/mode-php.js",
      "size": 623934,
      "hash": "6a9781f596df40aa1e92226644f2ba1253a33c91"
    },
    {
      "path": "packages/arch_ace-editor/ace-builds/src-noconflict/mode-plain_text.js",
      "where": "client",
      "type": "asset",
      "cacheable": false,
      "url": "/packages/arch_ace-editor/ace-builds/src-noconflict/mode-plain_text.js",
      "size": 757,
      "hash": "219ec69c5091a223aea184d22e9060444c43a4ff"
    },
    {
      "path": "packages/arch_ace-editor/ace-builds/src-noconflict/mode-powershell.js",
      "where": "client",
      "type": "asset",
      "cacheable": false,
      "url": "/packages/arch_ace-editor/ace-builds/src-noconflict/mode-powershell.js",
      "size": 29983,
      "hash": "2d67eb04e230b3f33b141e408f0ced5fb3fd9073"
    },
    {
      "path": "packages/arch_ace-editor/ace-builds/src-noconflict/mode-praat.js",
      "where": "client",
      "type": "asset",
      "cacheable": false,
      "url": "/packages/arch_ace-editor/ace-builds/src-noconflict/mode-praat.js",
      "size": 17467,
      "hash": "a0745d55c3e5103ceacbf23ba2429c9de6872fe7"
    },
    {
      "path": "packages/arch_ace-editor/ace-builds/src-noconflict/mode-prolog.js",
      "where": "client",
      "type": "asset",
      "cacheable": false,
      "url": "/packages/arch_ace-editor/ace-builds/src-noconflict/mode-prolog.js",
      "size": 14036,
      "hash": "4f2c4dcf5a1b82a1e27f77a44cacfcdb25c3eb2e"
    },
    {
      "path": "packages/arch_ace-editor/ace-builds/src-noconflict/mode-properties.js",
      "where": "client",
      "type": "asset",
      "cacheable": false,
      "url": "/packages/arch_ace-editor/ace-builds/src-noconflict/mode-properties.js",
      "size": 2019,
      "hash": "9ede053d3f182ba5a2bd020c44fec9ef5722ea91"
    },
    {
      "path": "packages/arch_ace-editor/ace-builds/src-noconflict/mode-protobuf.js",
      "where": "client",
      "type": "asset",
      "cacheable": false,
      "url": "/packages/arch_ace-editor/ace-builds/src-noconflict/mode-protobuf.js",
      "size": 36803,
      "hash": "45be192ae6b49564e72bcc648930dcb32a0b7ef4"
    },
    {
      "path": "packages/arch_ace-editor/ace-builds/src-noconflict/mode-python.js",
      "where": "client",
      "type": "asset",
      "cacheable": false,
      "url": "/packages/arch_ace-editor/ace-builds/src-noconflict/mode-python.js",
      "size": 8683,
      "hash": "5d1d57e3b6ec1be8297f1616478ca494a9dd535b"
    },
    {
      "path": "packages/arch_ace-editor/ace-builds/src-noconflict/mode-r.js",
      "where": "client",
      "type": "asset",
      "cacheable": false,
      "url": "/packages/arch_ace-editor/ace-builds/src-noconflict/mode-r.js",
      "size": 9582,
      "hash": "24b697982e692b0a6986259c83917b191417957e"
    },
    {
      "path": "packages/arch_ace-editor/ace-builds/src-noconflict/mode-rdoc.js",
      "where": "client",
      "type": "asset",
      "cacheable": false,
      "url": "/packages/arch_ace-editor/ace-builds/src-noconflict/mode-rdoc.js",
      "size": 6807,
      "hash": "ae213f5dcd10ecc7fbbf63f84020b1096e55b57d"
    },
    {
      "path": "packages/arch_ace-editor/ace-builds/src-noconflict/mode-rhtml.js",
      "where": "client",
      "type": "asset",
      "cacheable": false,
      "url": "/packages/arch_ace-editor/ace-builds/src-noconflict/mode-rhtml.js",
      "size": 124122,
      "hash": "9e321b52d04892a138e1a6aea47bb6475effeb7c"
    },
    {
      "path": "packages/arch_ace-editor/ace-builds/src-noconflict/mode-ruby.js",
      "where": "client",
      "type": "asset",
      "cacheable": false,
      "url": "/packages/arch_ace-editor/ace-builds/src-noconflict/mode-ruby.js",
      "size": 33648,
      "hash": "1f756983dc48a78ff0e5b1922e7734aac12a553e"
    },
    {
      "path": "packages/arch_ace-editor/ace-builds/src-noconflict/mode-rust.js",
      "where": "client",
      "type": "asset",
      "cacheable": false,
      "url": "/packages/arch_ace-editor/ace-builds/src-noconflict/mode-rust.js",
      "size": 11379,
      "hash": "1cd3c8c1f2eaa3fbf0a9529bd5c5d8ebf8c334c6"
    },
    {
      "path": "packages/arch_ace-editor/ace-builds/src-noconflict/mode-sass.js",
      "where": "client",
      "type": "asset",
      "cacheable": false,
      "url": "/packages/arch_ace-editor/ace-builds/src-noconflict/mode-sass.js",
      "size": 17111,
      "hash": "2b82ab8af3cd57e02088d2e6dc7992aa12fb3718"
    },
    {
      "path": "packages/arch_ace-editor/ace-builds/src-noconflict/mode-scad.js",
      "where": "client",
      "type": "asset",
      "cacheable": false,
      "url": "/packages/arch_ace-editor/ace-builds/src-noconflict/mode-scad.js",
      "size": 27884,
      "hash": "7415f496bf12d03700a6b09956be8f87a004f0b1"
    },
    {
      "path": "packages/arch_ace-editor/ace-builds/src-noconflict/mode-scala.js",
      "where": "client",
      "type": "asset",
      "cacheable": false,
      "url": "/packages/arch_ace-editor/ace-builds/src-noconflict/mode-scala.js",
      "size": 54210,
      "hash": "90aeba5a5eee410045583f48516e4417af16247c"
    },
    {
      "path": "packages/arch_ace-editor/ace-builds/src-noconflict/mode-scheme.js",
      "where": "client",
      "type": "asset",
      "cacheable": false,
      "url": "/packages/arch_ace-editor/ace-builds/src-noconflict/mode-scheme.js",
      "size": 6945,
      "hash": "8deb4b99d085d33f95191b136492fb136eb20e2a"
    },
    {
      "path": "packages/arch_ace-editor/ace-builds/src-noconflict/mode-scss.js",
      "where": "client",
      "type": "asset",
      "cacheable": false,
      "url": "/packages/arch_ace-editor/ace-builds/src-noconflict/mode-scss.js",
      "size": 37316,
      "hash": "a60962573c322379becd58d6a3d9641aa9e7a156"
    },
    {
      "path": "packages/arch_ace-editor/ace-builds/src-noconflict/mode-sh.js",
      "where": "client",
      "type": "asset",
      "cacheable": false,
      "url": "/packages/arch_ace-editor/ace-builds/src-noconflict/mode-sh.js",
      "size": 29395,
      "hash": "4341137cded6215b7c2a9a9115b40cb23d2793bc"
    },
    {
      "path": "packages/arch_ace-editor/ace-builds/src-noconflict/mode-sjs.js",
      "where": "client",
      "type": "asset",
      "cacheable": false,
      "url": "/packages/arch_ace-editor/ace-builds/src-noconflict/mode-sjs.js",
      "size": 52907,
      "hash": "568a2c0def2f1614e8342d61be0293d7438a4c32"
    },
    {
      "path": "packages/arch_ace-editor/ace-builds/src-noconflict/mode-smarty.js",
      "where": "client",
      "type": "asset",
      "cacheable": false,
      "url": "/packages/arch_ace-editor/ace-builds/src-noconflict/mode-smarty.js",
      "size": 119738,
      "hash": "376eef49d1014b82d17b574df5bd75c212d6710f"
    },
    {
      "path": "packages/arch_ace-editor/ace-builds/src-noconflict/mode-snippets.js",
      "where": "client",
      "type": "asset",
      "cacheable": false,
      "url": "/packages/arch_ace-editor/ace-builds/src-noconflict/mode-snippets.js",
      "size": 6735,
      "hash": "69a4c9c3fa820434080139ad4384343142b0708d"
    },
    {
      "path": "packages/arch_ace-editor/ace-builds/src-noconflict/mode-soy_template.js",
      "where": "client",
      "type": "asset",
      "cacheable": false,
      "url": "/packages/arch_ace-editor/ace-builds/src-noconflict/mode-soy_template.js",
      "size": 128233,
      "hash": "9560d7aaa05cc5e8290a80f5da97d61a20bfd92b"
    },
    {
      "path": "packages/arch_ace-editor/ace-builds/src-noconflict/mode-space.js",
      "where": "client",
      "type": "asset",
      "cacheable": false,
      "url": "/packages/arch_ace-editor/ace-builds/src-noconflict/mode-space.js",
      "size": 4752,
      "hash": "c1ece97264e15f4e044b412ab51109b2016993db"
    },
    {
      "path": "packages/arch_ace-editor/ace-builds/src-noconflict/mode-sql.js",
      "where": "client",
      "type": "asset",
      "cacheable": false,
      "url": "/packages/arch_ace-editor/ace-builds/src-noconflict/mode-sql.js",
      "size": 2999,
      "hash": "ec7d7a45523d4f964d2db632c8183e8f3c476cee"
    },
    {
      "path": "packages/arch_ace-editor/ace-builds/src-noconflict/mode-sqlserver.js",
      "where": "client",
      "type": "asset",
      "cacheable": false,
      "url": "/packages/arch_ace-editor/ace-builds/src-noconflict/mode-sqlserver.js",
      "size": 23313,
      "hash": "1cf1b6452456f9e34d9fb351233ff2a52220f595"
    },
    {
      "path": "packages/arch_ace-editor/ace-builds/src-noconflict/mode-stylus.js",
      "where": "client",
      "type": "asset",
      "cacheable": false,
      "url": "/packages/arch_ace-editor/ace-builds/src-noconflict/mode-stylus.js",
      "size": 19514,
      "hash": "551e73beda33e55ee913782deac0276523a43313"
    },
    {
      "path": "packages/arch_ace-editor/ace-builds/src-noconflict/mode-svg.js",
      "where": "client",
      "type": "asset",
      "cacheable": false,
      "url": "/packages/arch_ace-editor/ace-builds/src-noconflict/mode-svg.js",
      "size": 73780,
      "hash": "129c9406269a3f29b0de80a39df4fb2a300f6f6f"
    },
    {
      "path": "packages/arch_ace-editor/ace-builds/src-noconflict/mode-swift.js",
      "where": "client",
      "type": "asset",
      "cacheable": false,
      "url": "/packages/arch_ace-editor/ace-builds/src-noconflict/mode-swift.js",
      "size": 28067,
      "hash": "61c5079bf4f9480d64c0f7f3cd7e96f3c7d74e13"
    },
    {
      "path": "packages/arch_ace-editor/ace-builds/src-noconflict/mode-swig.js",
      "where": "client",
      "type": "asset",
      "cacheable": false,
      "url": "/packages/arch_ace-editor/ace-builds/src-noconflict/mode-swig.js",
      "size": 48207,
      "hash": "a8ad34a11c54a09227bfc75212d993812edd144b"
    },
    {
      "path": "packages/arch_ace-editor/ace-builds/src-noconflict/mode-tcl.js",
      "where": "client",
      "type": "asset",
      "cacheable": false,
      "url": "/packages/arch_ace-editor/ace-builds/src-noconflict/mode-tcl.js",
      "size": 12091,
      "hash": "a74827b38dc11c616106e14b2d4721faf480847a"
    },
    {
      "path": "packages/arch_ace-editor/ace-builds/src-noconflict/mode-tex.js",
      "where": "client",
      "type": "asset",
      "cacheable": false,
      "url": "/packages/arch_ace-editor/ace-builds/src-noconflict/mode-tex.js",
      "size": 4821,
      "hash": "c528f64f99cfc46d07913c43fbdbc9d6db1b569d"
    },
    {
      "path": "packages/arch_ace-editor/ace-builds/src-noconflict/mode-text.js",
      "where": "client",
      "type": "asset",
      "cacheable": false,
      "url": "/packages/arch_ace-editor/ace-builds/src-noconflict/mode-text.js",
      "size": 1,
      "hash": "adc83b19e793491b1c6ea0fd8b46cd9f32e592fc"
    },
    {
      "path": "packages/arch_ace-editor/ace-builds/src-noconflict/mode-textile.js",
      "where": "client",
      "type": "asset",
      "cacheable": false,
      "url": "/packages/arch_ace-editor/ace-builds/src-noconflict/mode-textile.js",
      "size": 3918,
      "hash": "d03eb4e723394a9a22531c612cb87082812ebe49"
    },
    {
      "path": "packages/arch_ace-editor/ace-builds/src-noconflict/mode-toml.js",
      "where": "client",
      "type": "asset",
      "cacheable": false,
      "url": "/packages/arch_ace-editor/ace-builds/src-noconflict/mode-toml.js",
      "size": 3912,
      "hash": "02a8816b67ca0d66dbd79ccf4c3afc758d8d3229"
    },
    {
      "path": "packages/arch_ace-editor/ace-builds/src-noconflict/mode-twig.js",
      "where": "client",
      "type": "asset",
      "cacheable": false,
      "url": "/packages/arch_ace-editor/ace-builds/src-noconflict/mode-twig.js",
      "size": 120462,
      "hash": "2eba990753edfe531013c994947f9f566018a052"
    },
    {
      "path": "packages/arch_ace-editor/ace-builds/src-noconflict/mode-typescript.js",
      "where": "client",
      "type": "asset",
      "cacheable": false,
      "url": "/packages/arch_ace-editor/ace-builds/src-noconflict/mode-typescript.js",
      "size": 49989,
      "hash": "d293d86a3da978d24becef87afcd9de85798dac5"
    },
    {
      "path": "packages/arch_ace-editor/ace-builds/src-noconflict/mode-vala.js",
      "where": "client",
      "type": "asset",
      "cacheable": false,
      "url": "/packages/arch_ace-editor/ace-builds/src-noconflict/mode-vala.js",
      "size": 42303,
      "hash": "9c2e3992f1e879ebaa97230801ff2212f6bc3026"
    },
    {
      "path": "packages/arch_ace-editor/ace-builds/src-noconflict/mode-vbscript.js",
      "where": "client",
      "type": "asset",
      "cacheable": false,
      "url": "/packages/arch_ace-editor/ace-builds/src-noconflict/mode-vbscript.js",
      "size": 8173,
      "hash": "16a6980c3190b425fdff01401659a4b4098aa340"
    },
    {
      "path": "packages/arch_ace-editor/ace-builds/src-noconflict/mode-velocity.js",
      "where": "client",
      "type": "asset",
      "cacheable": false,
      "url": "/packages/arch_ace-editor/ace-builds/src-noconflict/mode-velocity.js",
      "size": 124006,
      "hash": "e7106b3ed3e13f70acfccea5d084ed4d765f51ac"
    },
    {
      "path": "packages/arch_ace-editor/ace-builds/src-noconflict/mode-verilog.js",
      "where": "client",
      "type": "asset",
      "cacheable": false,
      "url": "/packages/arch_ace-editor/ace-builds/src-noconflict/mode-verilog.js",
      "size": 3888,
      "hash": "aa81e19a8659df3e6d64e3be08377112d2cc2056"
    },
    {
      "path": "packages/arch_ace-editor/ace-builds/src-noconflict/mode-vhdl.js",
      "where": "client",
      "type": "asset",
      "cacheable": false,
      "url": "/packages/arch_ace-editor/ace-builds/src-noconflict/mode-vhdl.js",
      "size": 3590,
      "hash": "12c86f71ec42d4cfc8b2aab84ddc7e7e5696b116"
    },
    {
      "path": "packages/arch_ace-editor/ace-builds/src-noconflict/mode-xml.js",
      "where": "client",
      "type": "asset",
      "cacheable": false,
      "url": "/packages/arch_ace-editor/ace-builds/src-noconflict/mode-xml.js",
      "size": 23428,
      "hash": "36fe82b9009d9465ac1f72b3f3c4bb0327b7600e"
    },
    {
      "path": "packages/arch_ace-editor/ace-builds/src-noconflict/mode-xquery.js",
      "where": "client",
      "type": "asset",
      "cacheable": false,
      "url": "/packages/arch_ace-editor/ace-builds/src-noconflict/mode-xquery.js",
      "size": 338802,
      "hash": "e4edc8094675d451cf02bc96ba44b80588a4edd0"
    },
    {
      "path": "packages/arch_ace-editor/ace-builds/src-noconflict/mode-yaml.js",
      "where": "client",
      "type": "asset",
      "cacheable": false,
      "url": "/packages/arch_ace-editor/ace-builds/src-noconflict/mode-yaml.js",
      "size": 7883,
      "hash": "781a8e1ee803919637a1992bb3eb8fda5cca4f66"
    },
    {
      "path": "packages/arch_ace-editor/ace-builds/src-noconflict/theme-ambiance.js",
      "where": "client",
      "type": "asset",
      "cacheable": false,
      "url": "/packages/arch_ace-editor/ace-builds/src-noconflict/theme-ambiance.js",
      "size": 28198,
      "hash": "0f656b31e71ea8867fad686647306a0edbd0b989"
    },
    {
      "path": "packages/arch_ace-editor/ace-builds/src-noconflict/theme-chaos.js",
      "where": "client",
      "type": "asset",
      "cacheable": false,
      "url": "/packages/arch_ace-editor/ace-builds/src-noconflict/theme-chaos.js",
      "size": 3209,
      "hash": "56553f1b8faf18bb0b1df52bf96a616dea0bf2ff"
    },
    {
      "path": "packages/arch_ace-editor/ace-builds/src-noconflict/theme-chrome.js",
      "where": "client",
      "type": "asset",
      "cacheable": false,
      "url": "/packages/arch_ace-editor/ace-builds/src-noconflict/theme-chrome.js",
      "size": 3036,
      "hash": "3955e4ef5e74f50cab337905504ab47025177da6"
    },
    {
      "path": "packages/arch_ace-editor/ace-builds/src-noconflict/theme-clouds.js",
      "where": "client",
      "type": "asset",
      "cacheable": false,
      "url": "/packages/arch_ace-editor/ace-builds/src-noconflict/theme-clouds.js",
      "size": 2339,
      "hash": "0d208deaf8a7b2375e59af20b14aec0bb33f3b2a"
    },
    {
      "path": "packages/arch_ace-editor/ace-builds/src-noconflict/theme-clouds_midnight.js",
      "where": "client",
      "type": "asset",
      "cacheable": false,
      "url": "/packages/arch_ace-editor/ace-builds/src-noconflict/theme-clouds_midnight.js",
      "size": 2689,
      "hash": "86931750c1cf1854917d6be9855490f08f1e7e8f"
    },
    {
      "path": "packages/arch_ace-editor/ace-builds/src-noconflict/theme-cobalt.js",
      "where": "client",
      "type": "asset",
      "cacheable": false,
      "url": "/packages/arch_ace-editor/ace-builds/src-noconflict/theme-cobalt.js",
      "size": 2644,
      "hash": "b4eeade7a4caed0a920e1b32098e6f98f95a653a"
    },
    {
      "path": "packages/arch_ace-editor/ace-builds/src-noconflict/theme-crimson_editor.js",
      "where": "client",
      "type": "asset",
      "cacheable": false,
      "url": "/packages/arch_ace-editor/ace-builds/src-noconflict/theme-crimson_editor.js",
      "size": 3116,
      "hash": "d3501991ea64b33f98c838ac338ae746f2c8d334"
    },
    {
      "path": "packages/arch_ace-editor/ace-builds/src-noconflict/theme-dawn.js",
      "where": "client",
      "type": "asset",
      "cacheable": false,
      "url": "/packages/arch_ace-editor/ace-builds/src-noconflict/theme-dawn.js",
      "size": 2522,
      "hash": "a4cb6989b8f5dcb39e0033578e60ecc6f76a74e8"
    },
    {
      "path": "packages/arch_ace-editor/ace-builds/src-noconflict/theme-dreamweaver.js",
      "where": "client",
      "type": "asset",
      "cacheable": false,
      "url": "/packages/arch_ace-editor/ace-builds/src-noconflict/theme-dreamweaver.js",
      "size": 3489,
      "hash": "1fc865508f02c7cf99624b33c09954ead9dab2e6"
    },
    {
      "path": "packages/arch_ace-editor/ace-builds/src-noconflict/theme-eclipse.js",
      "where": "client",
      "type": "asset",
      "cacheable": false,
      "url": "/packages/arch_ace-editor/ace-builds/src-noconflict/theme-eclipse.js",
      "size": 2387,
      "hash": "9b81490e045fef42fae919c6ed24e1bdc3953b6e"
    },
    {
      "path": "packages/arch_ace-editor/ace-builds/src-noconflict/theme-github.js",
      "where": "client",
      "type": "asset",
      "cacheable": false,
      "url": "/packages/arch_ace-editor/ace-builds/src-noconflict/theme-github.js",
      "size": 2458,
      "hash": "93b0c2f74992a3b43117b3f073be5df6ad32ade6"
    },
    {
      "path": "packages/arch_ace-editor/ace-builds/src-noconflict/theme-idle_fingers.js",
      "where": "client",
      "type": "asset",
      "cacheable": false,
      "url": "/packages/arch_ace-editor/ace-builds/src-noconflict/theme-idle_fingers.js",
      "size": 2505,
      "hash": "0bf35adff16a43bb67e30d4bb6dd7555de519e1f"
    },
    {
      "path": "packages/arch_ace-editor/ace-builds/src-noconflict/theme-iplastic.js",
      "where": "client",
      "type": "asset",
      "cacheable": false,
      "url": "/packages/arch_ace-editor/ace-builds/src-noconflict/theme-iplastic.js",
      "size": 6784,
      "hash": "a6ecb767668eef251d809c5cf23e2ada73374e84"
    },
    {
      "path": "packages/arch_ace-editor/ace-builds/src-noconflict/theme-katzenmilch.js",
      "where": "client",
      "type": "asset",
      "cacheable": false,
      "url": "/packages/arch_ace-editor/ace-builds/src-noconflict/theme-katzenmilch.js",
      "size": 3434,
      "hash": "00cd662eff38b520e86ac3ef496a6bbe6b2fe891"
    },
    {
      "path": "packages/arch_ace-editor/ace-builds/src-noconflict/theme-kr_theme.js",
      "where": "client",
      "type": "asset",
      "cacheable": false,
      "url": "/packages/arch_ace-editor/ace-builds/src-noconflict/theme-kr_theme.js",
      "size": 2569,
      "hash": "1c966a8f3db608096fdc8f418bb0f723cc816f5b"
    },
    {
      "path": "packages/arch_ace-editor/ace-builds/src-noconflict/theme-kuroir.js",
      "where": "client",
      "type": "asset",
      "cacheable": false,
      "url": "/packages/arch_ace-editor/ace-builds/src-noconflict/theme-kuroir.js",
      "size": 2242,
      "hash": "5241fc8041b7fdc18e5e349657b1dd01b417c5eb"
    },
    {
      "path": "packages/arch_ace-editor/ace-builds/src-noconflict/theme-merbivore.js",
      "where": "client",
      "type": "asset",
      "cacheable": false,
      "url": "/packages/arch_ace-editor/ace-builds/src-noconflict/theme-merbivore.js",
      "size": 2491,
      "hash": "9e916c924dc53071786a307c06ffd2795be45fe9"
    },
    {
      "path": "packages/arch_ace-editor/ace-builds/src-noconflict/theme-merbivore_soft.js",
      "where": "client",
      "type": "asset",
      "cacheable": false,
      "url": "/packages/arch_ace-editor/ace-builds/src-noconflict/theme-merbivore_soft.js",
      "size": 2705,
      "hash": "7f81de3da10881690e22caa172eb1eee26b3b8c1"
    },
    {
      "path": "packages/arch_ace-editor/ace-builds/src-noconflict/theme-mono_industrial.js",
      "where": "client",
      "type": "asset",
      "cacheable": false,
      "url": "/packages/arch_ace-editor/ace-builds/src-noconflict/theme-mono_industrial.js",
      "size": 3070,
      "hash": "d59457e69d1b54afc28825a099a47907324764bc"
    },
    {
      "path": "packages/arch_ace-editor/ace-builds/src-noconflict/theme-monokai.js",
      "where": "client",
      "type": "asset",
      "cacheable": false,
      "url": "/packages/arch_ace-editor/ace-builds/src-noconflict/theme-monokai.js",
      "size": 2650,
      "hash": "8d93db414438400d633e4657b635d35636eadaeb"
    },
    {
      "path": "packages/arch_ace-editor/ace-builds/src-noconflict/theme-pastel_on_dark.js",
      "where": "client",
      "type": "asset",
      "cacheable": false,
      "url": "/packages/arch_ace-editor/ace-builds/src-noconflict/theme-pastel_on_dark.js",
      "size": 2914,
      "hash": "73d4c1b20c69854f7ae371cca2f22aed442b29ce"
    },
    {
      "path": "packages/arch_ace-editor/ace-builds/src-noconflict/theme-solarized_dark.js",
      "where": "client",
      "type": "asset",
      "cacheable": false,
      "url": "/packages/arch_ace-editor/ace-builds/src-noconflict/theme-solarized_dark.js",
      "size": 2553,
      "hash": "a59cff50e47f7bce768c42f1d7f47f38f5089021"
    },
    {
      "path": "packages/arch_ace-editor/ace-builds/src-noconflict/theme-solarized_light.js",
      "where": "client",
      "type": "asset",
      "cacheable": false,
      "url": "/packages/arch_ace-editor/ace-builds/src-noconflict/theme-solarized_light.js",
      "size": 2608,
      "hash": "dbb963497575713bf62c1ab370698e979ef051db"
    },
    {
      "path": "packages/arch_ace-editor/ace-builds/src-noconflict/theme-sqlserver.js",
      "where": "client",
      "type": "asset",
      "cacheable": false,
      "url": "/packages/arch_ace-editor/ace-builds/src-noconflict/theme-sqlserver.js",
      "size": 3236,
      "hash": "c7cb6ef6b1c02adc4380cf0d60e8024d6a77eab9"
    },
    {
      "path": "packages/arch_ace-editor/ace-builds/src-noconflict/theme-terminal.js",
      "where": "client",
      "type": "asset",
      "cacheable": false,
      "url": "/packages/arch_ace-editor/ace-builds/src-noconflict/theme-terminal.js",
      "size": 3206,
      "hash": "a3f45bd166844b842450b5db0f90ca08c63f6439"
    },
    {
      "path": "packages/arch_ace-editor/ace-builds/src-noconflict/theme-textmate.js",
      "where": "client",
      "type": "asset",
      "cacheable": false,
      "url": "/packages/arch_ace-editor/ace-builds/src-noconflict/theme-textmate.js",
      "size": 2910,
      "hash": "33d5d731923be1e01b3f368b35d38f8ddd34d365"
    },
    {
      "path": "packages/arch_ace-editor/ace-builds/src-noconflict/theme-tomorrow.js",
      "where": "client",
      "type": "asset",
      "cacheable": false,
      "url": "/packages/arch_ace-editor/ace-builds/src-noconflict/theme-tomorrow.js",
      "size": 2838,
      "hash": "3652dbf7a051eeacdd1afa1d000160b12d10cb8b"
    },
    {
      "path": "packages/arch_ace-editor/ace-builds/src-noconflict/theme-tomorrow_night.js",
      "where": "client",
      "type": "asset",
      "cacheable": false,
      "url": "/packages/arch_ace-editor/ace-builds/src-noconflict/theme-tomorrow_night.js",
      "size": 3101,
      "hash": "f47c9682bec0ee816c46293f0a845b90ae882fde"
    },
    {
      "path": "packages/arch_ace-editor/ace-builds/src-noconflict/theme-tomorrow_night_blue.js",
      "where": "client",
      "type": "asset",
      "cacheable": false,
      "url": "/packages/arch_ace-editor/ace-builds/src-noconflict/theme-tomorrow_night_blue.js",
      "size": 3308,
      "hash": "9c45fc595c4bdcbad523d6d1778da1807b6834e0"
    },
    {
      "path": "packages/arch_ace-editor/ace-builds/src-noconflict/theme-tomorrow_night_bright.js",
      "where": "client",
      "type": "asset",
      "cacheable": false,
      "url": "/packages/arch_ace-editor/ace-builds/src-noconflict/theme-tomorrow_night_bright.js",
      "size": 3803,
      "hash": "134e8edba2bab11a1906b863b0c8dd0dafaea146"
    },
    {
      "path": "packages/arch_ace-editor/ace-builds/src-noconflict/theme-tomorrow_night_eighties.js",
      "where": "client",
      "type": "asset",
      "cacheable": false,
      "url": "/packages/arch_ace-editor/ace-builds/src-noconflict/theme-tomorrow_night_eighties.js",
      "size": 3502,
      "hash": "935c226097efc1a45c10df397c9326d5c7ed1aa0"
    },
    {
      "path": "packages/arch_ace-editor/ace-builds/src-noconflict/theme-twilight.js",
      "where": "client",
      "type": "asset",
      "cacheable": false,
      "url": "/packages/arch_ace-editor/ace-builds/src-noconflict/theme-twilight.js",
      "size": 2782,
      "hash": "93658cbdcc95af9d638d180d8c6253b2891a1801"
    },
    {
      "path": "packages/arch_ace-editor/ace-builds/src-noconflict/theme-vibrant_ink.js",
      "where": "client",
      "type": "asset",
      "cacheable": false,
      "url": "/packages/arch_ace-editor/ace-builds/src-noconflict/theme-vibrant_ink.js",
      "size": 2457,
      "hash": "eba203fc45ecced920544e6a3143ba4183b2f286"
    },
    {
      "path": "packages/arch_ace-editor/ace-builds/src-noconflict/theme-xcode.js",
      "where": "client",
      "type": "asset",
      "cacheable": false,
      "url": "/packages/arch_ace-editor/ace-builds/src-noconflict/theme-xcode.js",
      "size": 2160,
      "hash": "9062ae4cec9732deee7404d0e16ec7bdbe23fa79"
    },
    {
      "path": "packages/arch_ace-editor/ace-builds/src-noconflict/worker-coffee.js",
      "where": "client",
      "type": "asset",
      "cacheable": false,
      "url": "/packages/arch_ace-editor/ace-builds/src-noconflict/worker-coffee.js",
      "size": 225675,
      "hash": "4b7059892e1dfa83a51acee333c6432363dff7cd"
    },
    {
      "path": "packages/arch_ace-editor/ace-builds/src-noconflict/worker-css.js",
      "where": "client",
      "type": "asset",
      "cacheable": false,
      "url": "/packages/arch_ace-editor/ace-builds/src-noconflict/worker-css.js",
      "size": 297013,
      "hash": "947ab58a587c95212948b90fa56cc0d175af09b3"
    },
    {
      "path": "packages/arch_ace-editor/ace-builds/src-noconflict/worker-html.js",
      "where": "client",
      "type": "asset",
      "cacheable": false,
      "url": "/packages/arch_ace-editor/ace-builds/src-noconflict/worker-html.js",
      "size": 338253,
      "hash": "a033cd357a41a575dbe02bb66ada7c2e453c8bcd"
    },
    {
      "path": "packages/arch_ace-editor/ace-builds/src-noconflict/worker-javascript.js",
      "where": "client",
      "type": "asset",
      "cacheable": false,
      "url": "/packages/arch_ace-editor/ace-builds/src-noconflict/worker-javascript.js",
      "size": 345214,
      "hash": "94d7ca1e565552fa70fb867ed1608dd4eb1dfea9"
    },
    {
      "path": "packages/arch_ace-editor/ace-builds/src-noconflict/worker-json.js",
      "where": "client",
      "type": "asset",
      "cacheable": false,
      "url": "/packages/arch_ace-editor/ace-builds/src-noconflict/worker-json.js",
      "size": 72754,
      "hash": "b984f52bb94c687996c930bfe035f77218e7cbf0"
    },
    {
      "path": "packages/arch_ace-editor/ace-builds/src-noconflict/worker-lua.js",
      "where": "client",
      "type": "asset",
      "cacheable": false,
      "url": "/packages/arch_ace-editor/ace-builds/src-noconflict/worker-lua.js",
      "size": 105834,
      "hash": "0ad8cf44bee72a6586fcc03b3d31fc106d7df657"
    },
    {
      "path": "packages/arch_ace-editor/ace-builds/src-noconflict/worker-php.js",
      "where": "client",
      "type": "asset",
      "cacheable": false,
      "url": "/packages/arch_ace-editor/ace-builds/src-noconflict/worker-php.js",
      "size": 236390,
      "hash": "143f44e80445ca4248300aba30a6511b1efdf4dc"
    },
    {
      "path": "packages/arch_ace-editor/ace-builds/src-noconflict/worker-xml.js",
      "where": "client",
      "type": "asset",
      "cacheable": false,
      "url": "/packages/arch_ace-editor/ace-builds/src-noconflict/worker-xml.js",
      "size": 112839,
      "hash": "8e69bd3d25e3121ed3206739eba09877c4318285"
    },
    {
      "path": "packages/arch_ace-editor/ace-builds/src-noconflict/worker-xquery.js",
      "where": "client",
      "type": "asset",
      "cacheable": false,
      "url": "/packages/arch_ace-editor/ace-builds/src-noconflict/worker-xquery.js",
      "size": 2804609,
      "hash": "6afeefc7b58b09fec30e839c13a007249cf1759a"
    },
    {
      "path": "app/chosen-sprite.png",
      "where": "client",
      "type": "asset",
      "cacheable": false,
      "url": "/chosen-sprite.png",
      "size": 646,
      "hash": "2d7b7c58e303c7c5e8c9eca06fb239a4b1a4aaee"
    },
    {
      "path": "app/chosen-sprite@2x.png",
      "where": "client",
      "type": "asset",
      "cacheable": false,
      "url": "/chosen-sprite@2x.png",
      "size": 872,
      "hash": "ac1d3dd7af917de06f285b5d10221d51a00d7a68"
    },
    {
      "path": "app/green.png",
      "where": "client",
      "type": "asset",
      "cacheable": false,
      "url": "/green.png",
      "size": 5064,
      "hash": "9bc1aa7a6dd105524bc85289e66e0447f95b9e6f"
    },
    {
      "path": "app/green@2x.png",
      "where": "client",
      "type": "asset",
      "cacheable": false,
      "url": "/green@2x.png",
      "size": 7708,
      "hash": "263dcd6f7578bc382df39af99a844b9186b4ebf7"
    },
    {
      "path": "app/img/jsoneditor-icons.svg",
      "where": "client",
      "type": "asset",
      "cacheable": false,
      "url": "/img/jsoneditor-icons.svg",
      "size": 36437,
      "hash": "544e909dae0e33aa06bcd4300247b6f076877458"
    },
    {
      "path": "app/logo/full_1.png",
      "where": "client",
      "type": "asset",
      "cacheable": false,
      "url": "/logo/full_1.png",
      "size": 94201,
      "hash": "0be36cf74f7a71916d7eb754b6d86baff5ed9f97"
    },
    {
      "path": "app/logo/full_2.png",
      "where": "client",
      "type": "asset",
      "cacheable": false,
      "url": "/logo/full_2.png",
      "size": 47131,
      "hash": "862c9fd54345b6de3db9d509582a790675e85cb1"
    },
    {
      "path": "app/logo/full_3.png",
      "where": "client",
      "type": "asset",
      "cacheable": false,
      "url": "/logo/full_3.png",
      "size": 20542,
      "hash": "75f98814e9d83b471b43a7165e67b75ec4045e2c"
    },
    {
      "path": "app/logo/full_4.png",
      "where": "client",
      "type": "asset",
      "cacheable": false,
      "url": "/logo/full_4.png",
      "size": 9646,
      "hash": "ee9075095a93ef195e0d8b4ee330611db9f78bad"
    },
    {
      "path": "app/logo/full_5.png",
      "where": "client",
      "type": "asset",
      "cacheable": false,
      "url": "/logo/full_5.png",
      "size": 5723,
      "hash": "557add4ea3f610bd7c1eff96d5e8aa6e60bf3f7c"
    },
    {
      "path": "app/logo/full_6.png",
      "where": "client",
      "type": "asset",
      "cacheable": false,
      "url": "/logo/full_6.png",
      "size": 2912,
      "hash": "4acaccc5306e895e02344fe54b82abed51e2efe7"
    },
    {
      "path": "app/logo/head_1.png",
      "where": "client",
      "type": "asset",
      "cacheable": false,
      "url": "/logo/head_1.png",
      "size": 108816,
      "hash": "d844a70787769f8653572dc426cc6e017acee521"
    },
    {
      "path": "app/logo/head_2.png",
      "where": "client",
      "type": "asset",
      "cacheable": false,
      "url": "/logo/head_2.png",
      "size": 74815,
      "hash": "3d2378be954332572a5f67ca3d1bcd0039273b11"
    },
    {
      "path": "app/logo/head_3.png",
      "where": "client",
      "type": "asset",
      "cacheable": false,
      "url": "/logo/head_3.png",
      "size": 26953,
      "hash": "aae7a0e540961674c9577c52978a52ec912feff3"
    },
    {
      "path": "app/logo/head_4.png",
      "where": "client",
      "type": "asset",
      "cacheable": false,
      "url": "/logo/head_4.png",
      "size": 15344,
      "hash": "9abcfa0baf9e9cdb54dac3409a4a37960becc85a"
    },
    {
      "path": "app/logo/head_5.png",
      "where": "client",
      "type": "asset",
      "cacheable": false,
      "url": "/logo/head_5.png",
      "size": 6752,
      "hash": "51100c493e4c6f39952185a350d5d923869465fc"
    },
    {
      "path": "app/logo/head_6.png",
      "where": "client",
      "type": "asset",
      "cacheable": false,
      "url": "/logo/head_6.png",
      "size": 2864,
      "hash": "607126aa70e9bb0dc77a3ea2ee3e379710def65e"
    },
    {
      "path": "app/logo/head_7.png",
      "where": "client",
      "type": "asset",
      "cacheable": false,
      "url": "/logo/head_7.png",
      "size": 1223,
      "hash": "27304ef44ec9cd796d38b29464af740ec55c7d5d"
    },
    {
      "path": "app/patterns/congruent_pentagon.png",
      "where": "client",
      "type": "asset",
      "cacheable": false,
      "url": "/patterns/congruent_pentagon.png",
      "size": 28934,
      "hash": "550e108ebfa40645c7e3f88d2334822fcad9a6f2"
    },
    {
      "path": "app/patterns/header-profile-skin-1.png",
      "where": "client",
      "type": "asset",
      "cacheable": false,
      "url": "/patterns/header-profile-skin-1.png",
      "size": 26278,
      "hash": "2601fada4620ff6f2c4a442391f733ca86fffc9a"
    },
    {
      "path": "app/patterns/header-profile-skin-2.png",
      "where": "client",
      "type": "asset",
      "cacheable": false,
      "url": "/patterns/header-profile-skin-2.png",
      "size": 28211,
      "hash": "dd7a035b7721903e012f53847640b6e85502469c"
    },
    {
      "path": "app/patterns/header-profile-skin-3.png",
      "where": "client",
      "type": "asset",
      "cacheable": false,
      "url": "/patterns/header-profile-skin-3.png",
      "size": 33032,
      "hash": "c08d3df909674fa4edc5b1d0accce80bc63204cd"
    },
    {
      "path": "app/patterns/header-profile.png",
      "where": "client",
      "type": "asset",
      "cacheable": false,
      "url": "/patterns/header-profile.png",
      "size": 2994,
      "hash": "d2b536b9e43a9c009e7a51e6c999fd82954d692f"
    },
    {
      "path": "app/patterns/otis_redding.png",
      "where": "client",
      "type": "asset",
      "cacheable": false,
      "url": "/patterns/otis_redding.png",
      "size": 10849,
      "hash": "1d5d23b96f9d5b48f1c4cdac0235577ce26626cd"
    },
    {
      "path": "app/patterns/shattered.png",
      "where": "client",
      "type": "asset",
      "cacheable": false,
      "url": "/patterns/shattered.png",
      "size": 137733,
      "hash": "4e22daf5c748486ca0b5bd6d88e4f2b33423938d"
    },
    {
      "path": "app/patterns/triangular.png",
      "where": "client",
      "type": "asset",
      "cacheable": false,
      "url": "/patterns/triangular.png",
      "size": 210,
      "hash": "3a287c5a2d36d41980f2fe43d6ca3afe37cf7dcb"
    },
    {
      "path": "head.html",
      "where": "internal",
      "type": "head",
      "hash": "88a6e304dad712d586b1b7e163c103c73b0b0953"
    }
  ]
}