{
  "format": "javascript-image-pre1",
  "arch": "os",
  "load": [
    {
      "node_modules": "npm/es5-shim/node_modules",
      "sourceMap": "packages/es5-shim.js.map",
      "path": "packages/es5-shim.js"
    },
    {
      "sourceMap": "packages/underscore.js.map",
      "path": "packages/underscore.js"
    },
    {
      "node_modules": "npm/meteor/node_modules",
      "sourceMap": "packages/meteor.js.map",
      "path": "packages/meteor.js"
    },
    {
      "sourceMap": "packages/meteor-base.js.map",
      "path": "packages/meteor-base.js"
    },
    {
      "sourceMap": "packages/mobile-experience.js.map",
      "path": "packages/mobile-experience.js"
    },
    {
      "node_modules": "npm/npm-mongo/node_modules",
      "sourceMap": "packages/npm-mongo.js.map",
      "path": "packages/npm-mongo.js"
    },
    {
      "sourceMap": "packages/base64.js.map",
      "path": "packages/base64.js"
    },
    {
      "sourceMap": "packages/ejson.js.map",
      "path": "packages/ejson.js"
    },
    {
      "sourceMap": "packages/check.js.map",
      "path": "packages/check.js"
    },
    {
      "node_modules": "npm/babel-compiler/node_modules",
      "sourceMap": "packages/babel-compiler.js.map",
      "path": "packages/babel-compiler.js"
    },
    {
      "sourceMap": "packages/ecmascript.js.map",
      "path": "packages/ecmascript.js"
    },
    {
      "sourceMap": "packages/babel-runtime.js.map",
      "path": "packages/babel-runtime.js"
    },
    {
      "node_modules": "npm/ecmascript-runtime/node_modules",
      "sourceMap": "packages/ecmascript-runtime.js.map",
      "path": "packages/ecmascript-runtime.js"
    },
    {
      "node_modules": "npm/promise/node_modules",
      "sourceMap": "packages/promise.js.map",
      "path": "packages/promise.js"
    },
    {
      "sourceMap": "packages/random.js.map",
      "path": "packages/random.js"
    },
    {
      "sourceMap": "packages/id-map.js.map",
      "path": "packages/id-map.js"
    },
    {
      "sourceMap": "packages/ordered-dict.js.map",
      "path": "packages/ordered-dict.js"
    },
    {
      "sourceMap": "packages/tracker.js.map",
      "path": "packages/tracker.js"
    },
    {
      "sourceMap": "packages/mongo-id.js.map",
      "path": "packages/mongo-id.js"
    },
    {
      "sourceMap": "packages/diff-sequence.js.map",
      "path": "packages/diff-sequence.js"
    },
    {
      "sourceMap": "packages/geojson-utils.js.map",
      "path": "packages/geojson-utils.js"
    },
    {
      "sourceMap": "packages/minimongo.js.map",
      "path": "packages/minimongo.js"
    },
    {
      "sourceMap": "packages/retry.js.map",
      "path": "packages/retry.js"
    },
    {
      "sourceMap": "packages/ddp-common.js.map",
      "path": "packages/ddp-common.js"
    },
    {
      "node_modules": "npm/ddp-client/node_modules",
      "sourceMap": "packages/ddp-client.js.map",
      "path": "packages/ddp-client.js"
    },
    {
      "node_modules": "npm/logging/node_modules",
      "sourceMap": "packages/logging.js.map",
      "path": "packages/logging.js"
    },
    {
      "sourceMap": "packages/routepolicy.js.map",
      "path": "packages/routepolicy.js"
    },
    {
      "sourceMap": "packages/deps.js.map",
      "path": "packages/deps.js"
    },
    {
      "sourceMap": "packages/htmljs.js.map",
      "path": "packages/htmljs.js"
    },
    {
      "sourceMap": "packages/html-tools.js.map",
      "path": "packages/html-tools.js"
    },
    {
      "sourceMap": "packages/blaze-tools.js.map",
      "path": "packages/blaze-tools.js"
    },
    {
      "sourceMap": "packages/spacebars-compiler.js.map",
      "path": "packages/spacebars-compiler.js"
    },
    {
      "sourceMap": "packages/jquery.js.map",
      "path": "packages/jquery.js"
    },
    {
      "sourceMap": "packages/observe-sequence.js.map",
      "path": "packages/observe-sequence.js"
    },
    {
      "sourceMap": "packages/reactive-var.js.map",
      "path": "packages/reactive-var.js"
    },
    {
      "sourceMap": "packages/blaze.js.map",
      "path": "packages/blaze.js"
    },
    {
      "sourceMap": "packages/spacebars.js.map",
      "path": "packages/spacebars.js"
    },
    {
      "sourceMap": "packages/ui.js.map",
      "path": "packages/ui.js"
    },
    {
      "sourceMap": "packages/boilerplate-generator.js.map",
      "path": "packages/boilerplate-generator.js",
      "assets": {
        "boilerplate_web.browser.html": "assets/packages/boilerplate-generator/boilerplate_web.browser.html",
        "boilerplate_web.cordova.html": "assets/packages/boilerplate-generator/boilerplate_web.cordova.html"
      }
    },
    {
      "sourceMap": "packages/webapp-hashing.js.map",
      "path": "packages/webapp-hashing.js"
    },
    {
      "node_modules": "npm/webapp/node_modules",
      "sourceMap": "packages/webapp.js.map",
      "path": "packages/webapp.js"
    },
    {
      "sourceMap": "packages/callback-hook.js.map",
      "path": "packages/callback-hook.js"
    },
    {
      "node_modules": "npm/ddp-server/node_modules",
      "sourceMap": "packages/ddp-server.js.map",
      "path": "packages/ddp-server.js"
    },
    {
      "sourceMap": "packages/ddp.js.map",
      "path": "packages/ddp.js"
    },
    {
      "sourceMap": "packages/binary-heap.js.map",
      "path": "packages/binary-heap.js"
    },
    {
      "node_modules": "npm/mongo/node_modules",
      "sourceMap": "packages/mongo.js.map",
      "path": "packages/mongo.js"
    },
    {
      "sourceMap": "packages/blaze-html-templates.js.map",
      "path": "packages/blaze-html-templates.js"
    },
    {
      "sourceMap": "packages/session.js.map",
      "path": "packages/session.js"
    },
    {
      "sourceMap": "packages/standard-minifiers.js.map",
      "path": "packages/standard-minifiers.js"
    },
    {
      "sourceMap": "packages/templating.js.map",
      "path": "packages/templating.js"
    },
    {
      "sourceMap": "packages/iron_core.js.map",
      "path": "packages/iron_core.js"
    },
    {
      "sourceMap": "packages/iron_dynamic-template.js.map",
      "path": "packages/iron_dynamic-template.js"
    },
    {
      "sourceMap": "packages/iron_layout.js.map",
      "path": "packages/iron_layout.js"
    },
    {
      "sourceMap": "packages/iron_url.js.map",
      "path": "packages/iron_url.js"
    },
    {
      "sourceMap": "packages/iron_middleware-stack.js.map",
      "path": "packages/iron_middleware-stack.js"
    },
    {
      "sourceMap": "packages/iron_location.js.map",
      "path": "packages/iron_location.js"
    },
    {
      "sourceMap": "packages/reactive-dict.js.map",
      "path": "packages/reactive-dict.js"
    },
    {
      "sourceMap": "packages/iron_controller.js.map",
      "path": "packages/iron_controller.js"
    },
    {
      "node_modules": "npm/iron_router/node_modules",
      "sourceMap": "packages/iron_router.js.map",
      "path": "packages/iron_router.js"
    },
    {
      "sourceMap": "packages/fortawesome_fontawesome.js.map",
      "path": "packages/fortawesome_fontawesome.js"
    },
    {
      "sourceMap": "packages/coffeescript.js.map",
      "path": "packages/coffeescript.js"
    },
    {
      "sourceMap": "packages/zimme_active-route.js.map",
      "path": "packages/zimme_active-route.js"
    },
    {
      "sourceMap": "packages/reload.js.map",
      "path": "packages/reload.js"
    },
    {
      "sourceMap": "packages/okgrow_router-autoscroll.js.map",
      "path": "packages/okgrow_router-autoscroll.js"
    },
    {
      "sourceMap": "packages/less.js.map",
      "path": "packages/less.js"
    },
    {
      "sourceMap": "packages/twbs_bootstrap.js.map",
      "path": "packages/twbs_bootstrap.js"
    },
    {
      "sourceMap": "packages/meteorhacks_npm.js.map",
      "path": "packages/meteorhacks_npm.js"
    },
    {
      "node_modules": "npm/npm-container/node_modules",
      "sourceMap": "packages/npm-container.js.map",
      "path": "packages/npm-container.js",
      "assets": {
        "../../packages.json": "assets/packages.json"
      }
    },
    {
      "sourceMap": "packages/momentjs_moment.js.map",
      "path": "packages/momentjs_moment.js"
    },
    {
      "sourceMap": "packages/arch_ace-editor.js.map",
      "path": "packages/arch_ace-editor.js"
    },
    {
      "sourceMap": "packages/aldeed_simple-schema.js.map",
      "path": "packages/aldeed_simple-schema.js"
    },
    {
      "sourceMap": "packages/raix_eventemitter.js.map",
      "path": "packages/raix_eventemitter.js"
    },
    {
      "sourceMap": "packages/aldeed_collection2-core.js.map",
      "path": "packages/aldeed_collection2-core.js"
    },
    {
      "sourceMap": "packages/aldeed_schema-index.js.map",
      "path": "packages/aldeed_schema-index.js"
    },
    {
      "sourceMap": "packages/aldeed_schema-deny.js.map",
      "path": "packages/aldeed_schema-deny.js"
    },
    {
      "sourceMap": "packages/aldeed_collection2.js.map",
      "path": "packages/aldeed_collection2.js"
    },
    {
      "sourceMap": "packages/ephemer_reactive-datatables-modified.js.map",
      "path": "packages/ephemer_reactive-datatables-modified.js"
    },
    {
      "node_modules": "npm/arboleya_electrify/node_modules",
      "sourceMap": "packages/arboleya_electrify.js.map",
      "path": "packages/arboleya_electrify.js"
    },
    {
      "sourceMap": "packages/livedata.js.map",
      "path": "packages/livedata.js"
    },
    {
      "sourceMap": "packages/hot-code-push.js.map",
      "path": "packages/hot-code-push.js"
    },
    {
      "sourceMap": "packages/launch-screen.js.map",
      "path": "packages/launch-screen.js"
    },
    {
      "sourceMap": "packages/meteorhacks_async.js.map",
      "path": "packages/meteorhacks_async.js"
    },
    {
      "sourceMap": "packages/autoupdate.js.map",
      "path": "packages/autoupdate.js"
    },
    {
      "path": "packages/global-imports.js"
    },
    {
      "sourceMap": "app/lib/routers/file_management/download_file.js.map",
      "path": "app/lib/routers/file_management/download_file.js"
    },
    {
      "sourceMap": "app/lib/routers/file_management/file_management.js.map",
      "path": "app/lib/routers/file_management/file_management.js"
    },
    {
      "sourceMap": "app/lib/collections/connections.js.map",
      "path": "app/lib/collections/connections.js"
    },
    {
      "sourceMap": "app/lib/collections/dumps.js.map",
      "path": "app/lib/collections/dumps.js"
    },
    {
      "sourceMap": "app/lib/collections/query_history.js.map",
      "path": "app/lib/collections/query_history.js"
    },
    {
      "sourceMap": "app/lib/collections/settings.js.map",
      "path": "app/lib/collections/settings.js"
    },
    {
      "sourceMap": "app/lib/routers/admin_queries.js.map",
      "path": "app/lib/routers/admin_queries.js"
    },
    {
      "sourceMap": "app/lib/routers/browse_collection.js.map",
      "path": "app/lib/routers/browse_collection.js"
    },
    {
      "sourceMap": "app/lib/routers/database_dump_restore.js.map",
      "path": "app/lib/routers/database_dump_restore.js"
    },
    {
      "sourceMap": "app/lib/routers/database_stats.js.map",
      "path": "app/lib/routers/database_stats.js"
    },
    {
      "sourceMap": "app/lib/routers/edit_document.js.map",
      "path": "app/lib/routers/edit_document.js"
    },
    {
      "sourceMap": "app/lib/routers/home.js.map",
      "path": "app/lib/routers/home.js"
    },
    {
      "sourceMap": "app/lib/routers/router.js.map",
      "path": "app/lib/routers/router.js"
    },
    {
      "sourceMap": "app/lib/routers/settings.js.map",
      "path": "app/lib/routers/settings.js"
    },
    {
      "sourceMap": "app/lib/enums.js.map",
      "path": "app/lib/enums.js"
    },
    {
      "sourceMap": "app/server/internal/logging/winston.js.map",
      "path": "app/server/internal/logging/winston.js"
    },
    {
      "sourceMap": "app/server/internal/internal_methods.js.map",
      "path": "app/server/internal/internal_methods.js"
    },
    {
      "sourceMap": "app/server/internal/startup.js.map",
      "path": "app/server/internal/startup.js"
    },
    {
      "sourceMap": "app/server/mongodb/helper.js.map",
      "path": "app/server/mongodb/helper.js"
    },
    {
      "sourceMap": "app/server/mongodb/methods_admin.js.map",
      "path": "app/server/mongodb/methods_admin.js"
    },
    {
      "sourceMap": "app/server/mongodb/methods_collection.js.map",
      "path": "app/server/mongodb/methods_collection.js"
    },
    {
      "sourceMap": "app/server/mongodb/methods_common.js.map",
      "path": "app/server/mongodb/methods_common.js"
    },
    {
      "sourceMap": "app/server/mongodb/methods_dump_restore.js.map",
      "path": "app/server/mongodb/methods_dump_restore.js"
    },
    {
      "sourceMap": "app/server/mongodb/methods_gridfs.js.map",
      "path": "app/server/mongodb/methods_gridfs.js"
    },
    {
      "sourceMap": "app/server/publishers/connections.js.map",
      "path": "app/server/publishers/connections.js"
    },
    {
      "sourceMap": "app/server/publishers/dumps.js.map",
      "path": "app/server/publishers/dumps.js"
    },
    {
      "sourceMap": "app/server/publishers/query_histories.js.map",
      "path": "app/server/publishers/query_histories.js"
    },
    {
      "sourceMap": "app/server/publishers/settings.js.map",
      "path": "app/server/publishers/settings.js"
    },
    {
      "sourceMap": "packages/mdg_validation-error.js.map",
      "path": "packages/mdg_validation-error.js"
    }
  ]
}